{
    "inputs": {
        "start": [
            -7.0247226,
            110.334663
        ],
        "destination": [
            -7.5592071,
            110.7778336
        ],
        "cost": 15000,
        "capacity": 1000,
        "average_fuel": 10
    },
    "outputs": {
        "total_cost": 750000,
        "total_distance": 50,
        "marginal_cost": 750
    }
}